Zip,City
76527,Florence
76530,Granger
76537,Jarrell
76573,Schwertner
76574,Taylor
76578,Thrall
78602,Bastrop
78610,Buda
78612,Cedar Creek
78613,Cedar Park
78615,Coupland
78616,Cedar Creek
78617,Austin
78619,Driftwood
78620,Dripping Springs
78621,Elgin
78622,Fentress
78626,Georgetown
78628,Georgetown
78633,Georgetown
78634,Hutto
78640,Kyle
78641,Leander
78642,Liberty Hill
78644,Lockhart
78645,Lago Vista
78648,Luling
78650,Mc Dade
78652,San Leanna
78653,Manor
78655,Martindale
78656,Maxwell
78659,Paige
78660,Pflugerville
78661,Prairie Lea
78662,Red Rock
78664,Round Rock
78665,Round Rock
78666,San Marcos
78669,Spicewood
78676,Wimberley
78681,Round Rock
78701,Austin
78702,Austin
78703,Austin
78704,Austin
78705,Austin
78712,Austin
78717,Austin
78719,Austin
78721,Austin
78722,Austin
78723,Austin
78724,Austin
78725,Austin
78726,Austin
78727,Austin
78728,Austin
78729,Austin
78730,Austin
78731,Austin
78732,Austin
78733,Austin
78734,Lakeway
78735,Austin
78736,Austin
78737,Austin
78738,Bee Cave
78739,Austin
78741,Austin
78742,Austin
78744,Austin
78745,Austin
78746,Austin
78747,Austin
78748,Austin
78749,Austin
78750,Austin
78751,Austin
78752,Austin
78753,Austin
78754,Austin
78756,Austin
78757,Austin
78758,Austin
78759,Austin
78953,Rosanky
78957,Smithville
